Unnamed: 0,Un_Named,Date,Infrastructure_Machineries,Daily_Sales_Percentage,Daily_Sales_Quantity,Market_Share,Political,Marketing,Budget,Customer_Id,Region
6,6,1/2/2019,Backhoe Loader,0.038629891,51,35,1,1,5000.56,CUST00007,New Jamie
12,12,1/3/2019,Backhoe Loader,0.025637758,62,35,1,1,5000.56,CUST00013,Port Katelyn
18,18,1/4/2019,Backhoe Loader,0.028812108,38,35,1,1,5000.56,CUST00019,Hernandezchester
24,24,1/5/2019,Backhoe Loader,0.03216967,78,35,1,1,5000.56,CUST00025,Michaeltown
36,36,1/7/2019,Backhoe Loader,0.032918451,40,35,1,1,5000.56,CUST00037,Martinezton
42,42,1/8/2019,Backhoe Loader,0.029616648,85,35,1,1,5000.56,CUST00043,New Christopher
48,48,1/9/2019,Backhoe Loader,0.024112317,59,35,1,1,5000.56,CUST00049,West Ryanport
54,54,1/10/2019,Backhoe Loader,0.0310465,39,35,1,1,5000.56,CUST00055,West Rachel
66,66,,Backhoe Loader,0.035710445,77,35,1,1,5000.56,CUST00067,Wadetown
72,72,1/13/2019,Backhoe Loader,0.028760331,38,35,1,1,5000.56,CUST00073,Gainesbury
78,78,1/14/2019,Backhoe Loader,0.026968037,75,35,1,1,5000.56,CUST00079,Brownfurt
84,84,1/15/2019,Backhoe Loader,0.030620333,71,35,1,1,5000.56,CUST00085,Singletonchester
96,96,1/17/2019,Backhoe Loader,0.0378373,73,35,1,1,5000.56,CUST00097,Port Seanburgh
102,102,1/18/2019,Backhoe Loader,0.03203027,72,35,1,1,5000.56,CUST00103,East Dominique
108,108,1/19/2019,Backhoe Loader,0.029959176,38,35,1,1,5000.56,CUST00109,Port Emilyshire
114,114,1/20/2019,Backhoe Loader,0.034874042,84,35,1,1,5000.56,CUST00115,West Williamside
126,126,1/22/2019,Backhoe Loader,0.029110823,38,35,1,1,5000.56,CUST00127,South Dustinshire
132,132,,Backhoe Loader,0.027370308,50,35,1,1,5000.56,CUST00133,Port Alan
138,138,1/24/2019,Backhoe Loader,0.033687145,62,35,1,1,5000.56,CUST00139,Michelleburgh
144,144,1/25/2019,Backhoe Loader,0.037494772,42,35,1,1,5000.56,CUST00145,New Stephenburgh
156,156,1/27/2019,Backhoe Loader,0.036180424,78,35,1,1,5000.56,CUST00157,North Todd
162,162,1/28/2019,Backhoe Loader,0.039784925,43,35,1,1,5000.56,CUST00163,New Dawn
168,168,1/29/2019,Backhoe Loader,0.039605696,78,35,1,1,5000.56,CUST00169,Kathyside
174,174,1/30/2019,Backhoe Loader,0.031914767,56,35,1,1,5000.56,CUST00175,Matthewshire
186,186,2/1/2019,Backhoe Loader,0.034463806,75,35,1,1,5000.56,CUST00187,North Antoniofurt
192,192,2/2/2019,Backhoe Loader,0.038629891,78,35,1,1,5000.56,CUST00193,South Caitlin
198,198,,Backhoe Loader,0.025637758,36,35,1,1,5000.56,CUST00199,Cruzview
204,204,2/4/2019,Backhoe Loader,0.028812108,65,35,1,1,5000.56,CUST00205,West Mary
216,216,2/6/2019,Backhoe Loader,0.030429155,38,35,1,1,5000.56,CUST00217,New Miranda
222,222,2/7/2019,Backhoe Loader,0.032918451,73,35,1,1,5000.56,CUST00223,North Laurieport
228,228,2/8/2019,Backhoe Loader,0.029616648,85,35,1,1,5000.56,CUST00229,Lake William
234,234,2/9/2019,Backhoe Loader,0.024112317,36,35,1,1,5000.56,CUST00235,Reedborough
246,246,2/11/2019,Backhoe Loader,0.037721796,80,35,1,1,5000.56,CUST00247,Normanmouth
252,252,2/12/2019,Backhoe Loader,0.035710445,41,35,1,1,5000.56,CUST00253,Lake Charlesside
258,258,2/13/2019,Backhoe Loader,0.028760331,83,35,1,1,5000.56,CUST00259,New Austin
264,264,,Backhoe Loader,0.026968037,61,35,1,1,5000.56,CUST00265,North Scottfurt
276,276,2/16/2019,Backhoe Loader,0.032464403,69,35,1,1,5000.56,CUST00277,South Davidville
282,282,2/17/2019,Backhoe Loader,0.0378373,80,35,1,1,5000.56,CUST00283,Jessicaville
288,288,2/18/2019,Backhoe Loader,0.03203027,39,35,1,1,5000.56,CUST00289,New Kevinton
294,294,2/19/2019,Backhoe Loader,0.029959176,70,35,1,1,5000.56,CUST00295,North Debra
306,306,2/21/2019,Backhoe Loader,0.02726277,37,35,1,1,5000.56,CUST00307,Port Lucasfurt
312,312,2/22/2019,Backhoe Loader,0.029110823,64,35,1,1,5000.56,CUST00313,North Kristinborough
318,318,2/23/2019,Backhoe Loader,0.027370308,65,35,1,1,5000.56,CUST00319,Anthonymouth
324,324,2/24/2019,Backhoe Loader,0.033687145,40,35,1,1,5000.56,CUST00325,New Margaret
336,336,2/26/2019,Backhoe Loader,0.035355969,69,35,1,1,5000.56,CUST00337,West Jamesstad
342,342,2/27/2019,Backhoe Loader,0.036180424,41,35,1,1,5000.56,CUST00343,Lake Charlesport
348,348,2/28/2019,Backhoe Loader,0.039784925,83,35,1,1,5000.56,CUST00349,East Melissaberg
354,354,3/1/2019,Backhoe Loader,0.034463806,68,35,1,1,5078.56,CUST00355,New Jessica
366,366,3/3/2019,Backhoe Loader,0.025637758,83,35,1,1,5078.56,CUST00367,Tylerhaven
372,372,3/4/2019,Backhoe Loader,0.028812108,62,35,1,1,5078.56,CUST00373,East Joshua
378,378,3/5/2019,Backhoe Loader,0.03216967,39,35,1,1,5078.56,CUST00379,North Juliemouth
384,384,3/6/2019,Backhoe Loader,0.030429155,79,35,1,1,5078.56,CUST00385,New Nataliebury
396,396,,Backhoe Loader,0.029616648,38,35,1,1,5078.56,CUST00397,Lake Margaret
402,402,3/9/2019,Backhoe Loader,0.024112317,77,35,1,1,5078.56,CUST00403,Port Jessica
408,408,3/10/2019,Backhoe Loader,0.0310465,61,35,1,1,5078.56,CUST00409,Starkhaven
414,414,3/11/2019,Backhoe Loader,0.037721796,42,35,1,1,5078.56,CUST00415,Williamsview
426,426,3/13/2019,Backhoe Loader,0.028760331,61,35,1,1,5078.56,CUST00427,New Teresabury
432,432,3/14/2019,Backhoe Loader,0.026968037,37,35,1,1,5078.56,CUST00433,Wardfort
438,438,3/15/2019,Backhoe Loader,0.030620333,70,35,1,1,5078.56,CUST00439,Port Robertport
444,444,3/16/2019,Backhoe Loader,0.032464403,59,35,1,1,5078.56,CUST00445,South Jeremy
456,456,3/18/2019,Backhoe Loader,0.03203027,55,35,1,1,5078.56,CUST00457,East Donnachester
462,462,,Backhoe Loader,0.029959176,55,35,1,1,5078.56,CUST00463,Josephstad
468,468,3/20/2019,Backhoe Loader,0.034874042,40,35,1,1,5078.56,CUST00469,Welchland
474,474,3/21/2019,Backhoe Loader,0.02726277,60,35,1,1,5078.56,CUST00475,Boylemouth
486,486,3/23/2019,Backhoe Loader,0.027370308,37,35,1,1,5078.56,CUST00487,North Kathrynton
492,492,3/24/2019,Backhoe Loader,0.033687145,67,35,1,1,5078.56,CUST00493,Ryanshire
498,498,3/25/2019,Backhoe Loader,0.037494772,83,35,1,1,5078.56,CUST00499,Burtonborough
504,504,3/26/2019,Backhoe Loader,0.035355969,41,35,1,1,5078.56,CUST00505,Weaverborough
516,516,3/28/2019,Backhoe Loader,0.039784925,86,35,1,1,5078.56,CUST00517,Coffeyland
522,522,3/29/2019,Backhoe Loader,0.039605696,43,35,1,1,5078.56,CUST00523,Luistown
528,528,,Backhoe Loader,0.031914767,73,35,1,1,5078.56,CUST00529,Port Donnatown
534,534,3/31/2019,Backhoe Loader,0.027449965,78,35,1,1,5078.56,CUST00535,East Karentown
546,546,4/2/2019,Backhoe Loader,0.038629891,22,35,1,0,5078.56,CUST00547,Port Derrickstad
552,552,4/3/2019,Backhoe Loader,0.025637758,13,35,1,0,5078.56,CUST00553,Castanedaton
558,558,4/4/2019,Backhoe Loader,0.028812108,38,35,1,0,5078.56,CUST00559,West Anthony
564,564,4/5/2019,Backhoe Loader,0.03216967,10,35,1,0,5078.56,CUST00565,Morrisside
576,576,4/7/2019,Backhoe Loader,0.032918451,40,35,1,0,5078.56,CUST00577,South Thomasborough
582,582,4/8/2019,Backhoe Loader,0.029616648,19,35,1,0,5078.56,CUST00583,Bellbury
588,588,4/9/2019,Backhoe Loader,0.024112317,15,35,1,0,5078.56,CUST00589,Anthonyhaven
594,594,,Backhoe Loader,0.0310465,39,35,1,0,5078.56,CUST00595,East Nicole
606,606,4/12/2019,Backhoe Loader,0.035710445,23,35,1,0,5078.56,CUST00607,Port Rachel
612,612,4/13/2019,Backhoe Loader,0.028760331,38,35,1,0,5078.56,CUST00613,North Anthonyberg
618,618,4/14/2019,Backhoe Loader,0.026968037,3,35,1,0,5078.56,CUST00619,Barbaramouth
624,624,4/15/2019,Backhoe Loader,0.030620333,1,35,1,0,5078.56,CUST00625,East Robertburgh
636,636,4/17/2019,Backhoe Loader,0.0378373,28,35,1,0,5078.56,CUST00637,East Sheenafurt
642,642,4/18/2019,Backhoe Loader,0.03203027,18,35,1,0,5078.56,CUST00643,Josephton
648,648,4/19/2019,Backhoe Loader,0.029959176,38,35,1,0,5078.56,CUST00649,Julieton
654,654,4/20/2019,Backhoe Loader,0.034874042,31,35,1,0,5078.56,CUST00655,South Mary
666,666,4/22/2019,Backhoe Loader,0.029110823,38,35,1,0,5078.56,CUST00667,Maryberg
672,672,4/23/2019,Backhoe Loader,0.027370308,23,35,1,0,5078.56,CUST00673,Oscarborough
678,678,4/24/2019,Backhoe Loader,0.033687145,3,35,1,0,5078.56,CUST00679,Michelleside
684,684,4/25/2019,Backhoe Loader,0.037494772,42,35,1,0,5078.56,CUST00685,Keithborough
696,696,4/27/2019,Backhoe Loader,0.036180424,28,35,1,0,5078.56,CUST00697,South Robertmouth
702,702,4/28/2019,Backhoe Loader,0.039784925,43,35,1,0,5078.56,CUST00703,South Tamara
708,708,4/29/2019,Backhoe Loader,0.039605696,15,35,1,0,5078.56,CUST00709,North Kennethfort
714,714,4/30/2019,Backhoe Loader,0.031914767,15,35,1,0,5078.56,CUST00715,Alexisside
726,726,,Backhoe Loader,0.038629891,30,35,1,0,5078.56,CUST00727,East Ryanport
732,732,5/3/2019,Backhoe Loader,0.025637758,35,35,1,0,5078.56,CUST00733,Garyfort
738,738,5/4/2019,Backhoe Loader,0.028812108,38,35,1,0,5078.56,CUST00739,Alexanderberg
744,744,5/5/2019,Backhoe Loader,0.03216967,12,35,1,0,5078.56,CUST00745,Lake Josephhaven
756,756,5/7/2019,Backhoe Loader,0.032918451,40,35,1,0,5078.56,CUST00757,Marcomouth
762,762,5/8/2019,Backhoe Loader,0.029616648,14,35,1,0,5078.56,CUST00763,Port Kimberly
768,768,5/9/2019,Backhoe Loader,0.024112317,9,35,1,0,5078.56,CUST00769,Danielchester
774,774,5/10/2019,Backhoe Loader,0.0310465,39,35,1,0,5078.56,CUST00775,Michaelborough
786,786,5/12/2019,Backhoe Loader,0.035710445,27,35,1,0,5078.56,CUST00787,Reynoldsshire
792,792,,Backhoe Loader,0.028760331,38,35,1,0,5078.56,CUST00793,North Jenniferview
798,798,5/14/2019,Backhoe Loader,0.026968037,16,35,1,0,5078.56,CUST00799,Douglasberg
804,804,5/15/2019,Backhoe Loader,0.030620333,12,35,1,0,5078.56,CUST00805,Lamfurt
816,816,5/17/2019,Backhoe Loader,0.0378373,28,35,1,0,5078.56,CUST00817,North Jennifer
822,822,5/18/2019,Backhoe Loader,0.03203027,3,35,1,0,5078.56,CUST00823,Jacobschester
828,828,5/19/2019,Backhoe Loader,0.029959176,38,35,1,0,5078.56,CUST00829,Jacksonville
834,834,5/20/2019,Backhoe Loader,0.034874042,25,35,1,0,5078.56,CUST00835,Sethstad
846,846,5/22/2019,Backhoe Loader,0.029110823,38,35,1,0,5078.56,CUST00847,Leonardmouth
852,852,5/23/2019,Backhoe Loader,0.027370308,16,35,1,0,5078.56,CUST00853,South Johnfurt
858,858,,Backhoe Loader,0.033687145,14,35,1,0,5078.56,CUST00859,Seanborough
864,864,5/25/2019,Backhoe Loader,0.037494772,42,35,1,0,5078.56,CUST00865,Lake Drewside
876,876,5/27/2019,Backhoe Loader,0.036180424,15,35,1,0,5078.56,CUST00877,Lake Calebborough
882,882,5/28/2019,Backhoe Loader,0.039784925,43,35,1,0,5078.56,CUST00883,South Amyland
888,888,5/29/2019,Backhoe Loader,0.039605696,16,35,1,0,5078.56,CUST00889,Benjaminmouth
894,894,5/30/2019,Backhoe Loader,0.031914767,11,35,1,0,5078.56,CUST00895,Elizabethview
906,906,6/1/2019,Backhoe Loader,0.034463806,24,35,1,0,5078.56,CUST00907,South Donald
912,912,6/2/2019,Backhoe Loader,0.038629891,1,35,1,0,5078.56,CUST00913,Port Travis
918,918,6/3/2019,Backhoe Loader,0.025637758,36,35,1,0,5078.56,CUST00919,Lake Anneshire
924,924,,Backhoe Loader,0.028812108,23,35,1,0,5078.56,CUST00925,West Cynthia
936,936,6/6/2019,Backhoe Loader,0.030429155,38,35,1,0,5078.56,CUST00937,Lake Joeland
942,942,6/7/2019,Backhoe Loader,0.032918451,26,35,1,0,5078.56,CUST00943,South Michelle
948,948,6/8/2019,Backhoe Loader,0.029616648,29,35,1,0,5078.56,CUST00949,Hoodborough
954,954,6/9/2019,Backhoe Loader,0.024112317,36,35,1,0,5078.56,CUST00955,Erikaborough
966,966,6/11/2019,Backhoe Loader,0.037721796,18,35,1,0,5078.56,CUST00967,Terryville
972,972,6/12/2019,Backhoe Loader,0.035710445,41,35,1,0,5078.56,CUST00973,Brownborough
978,978,6/13/2019,Backhoe Loader,0.028760331,1,35,1,0,5078.56,CUST00979,Pamelaborough
984,984,6/14/2019,Backhoe Loader,0.026968037,32,35,1,0,5078.56,CUST00985,Frederickport
996,996,6/16/2019,Backhoe Loader,0.032464403,12,35,1,0,5078.56,CUST00997,Jacquelineport
1002,1002,6/17/2019,Backhoe Loader,0.0378373,12,35,1,0,5078.56,CUST01003,Rogersport
1008,1008,6/18/2019,Backhoe Loader,0.03203027,39,35,1,0,5078.56,CUST01009,Beckerville
1014,1014,6/19/2019,Backhoe Loader,0.029959176,2,35,1,0,5078.56,CUST01015,North Lori
1026,1026,6/21/2019,Backhoe Loader,0.02726277,37,35,1,0,5078.56,CUST01027,West Karen
1032,1032,6/22/2019,Backhoe Loader,0.029110823,12,35,1,0,5078.56,CUST01033,North Corey
1038,1038,6/23/2019,Backhoe Loader,0.027370308,22,35,1,0,5078.56,CUST01039,West Edward
1044,1044,6/24/2019,Backhoe Loader,0.033687145,40,35,1,0,5078.56,CUST01045,Bradleyport
1056,1056,,Backhoe Loader,0.035355969,17,35,1,0,5078.56,CUST01057,Rosschester
1062,1062,6/27/2019,Backhoe Loader,0.036180424,41,35,1,0,5078.56,CUST01063,Lake Melissa
1068,1068,6/28/2019,Backhoe Loader,0.039784925,24,35,1,0,5078.56,CUST01069,New Jason
1074,1074,6/29/2019,Backhoe Loader,0.039605696,28,35,1,0,5078.56,CUST01075,Lake Julieview
1086,1086,7/1/2019,Backhoe Loader,0.034463806,29,35,1,0,9139.84,CUST01087,South Richardchester
1092,1092,7/2/2019,Backhoe Loader,0.038629891,7,35,1,0,9139.84,CUST01093,North Wayne
1098,1098,7/3/2019,Backhoe Loader,0.025637758,36,35,1,0,9139.84,CUST01099,Davisville
1104,1104,7/4/2019,Backhoe Loader,0.028812108,37,35,1,0,9139.84,CUST01105,Erinfurt
1116,1116,7/6/2019,Backhoe Loader,0.030429155,38,35,1,0,9139.84,CUST01117,Michaelville
1122,1122,,Backhoe Loader,0.032918451,34,35,1,0,9139.84,CUST01123,South Claudiaview
1128,1128,7/8/2019,Backhoe Loader,0.029616648,28,35,1,0,9139.84,CUST01129,Johnsfort
1134,1134,7/9/2019,Backhoe Loader,0.024112317,36,35,1,0,9139.84,CUST01135,Jamesview
1146,1146,7/11/2019,Backhoe Loader,0.037721796,10,35,1,0,9139.84,CUST01147,Keithfort
1152,1152,7/12/2019,Backhoe Loader,0.035710445,41,35,1,0,9139.84,CUST01153,Goldenmouth
1158,1158,7/13/2019,Backhoe Loader,0.028760331,8,35,1,0,9139.84,CUST01159,Ericaside
1164,1164,7/14/2019,Backhoe Loader,0.026968037,18,35,1,0,9139.84,CUST01165,East Natalie
1176,1176,7/16/2019,Backhoe Loader,0.032464403,11,35,1,0,9139.84,CUST01177,Jennifershire
1182,1182,7/17/2019,Backhoe Loader,0.0378373,29,35,1,0,9139.84,CUST01183,Johnsonton
1188,1188,,Backhoe Loader,0.03203027,39,35,1,0,9139.84,CUST01189,Brewerton
1194,1194,7/19/2019,Backhoe Loader,0.029959176,20,35,1,0,9139.84,CUST01195,Jenniferfort
1206,1206,7/21/2019,Backhoe Loader,0.02726277,37,35,1,0,9139.84,CUST01207,West Shawnaburgh
1212,1212,7/22/2019,Backhoe Loader,0.029110823,12,35,1,0,9139.84,CUST01213,Gonzalezstad
1218,1218,7/23/2019,Backhoe Loader,0.027370308,26,35,1,0,9139.84,CUST01219,North Andrewfort
1224,1224,7/24/2019,Backhoe Loader,0.033687145,40,35,1,0,9139.84,CUST01225,Littleport
1236,1236,7/26/2019,Backhoe Loader,0.035355969,15,35,1,0,9139.84,CUST01237,South Jamesport
1242,1242,7/27/2019,Backhoe Loader,0.036180424,41,35,1,0,9139.84,CUST01243,Perryview
1248,1248,7/28/2019,Backhoe Loader,0.039784925,17,35,1,0,9139.84,CUST01249,Jamesburgh
1254,1254,,Backhoe Loader,0.039605696,46,35,1,0,9139.84,CUST01255,North Michelle
1266,1266,7/31/2019,Backhoe Loader,0.027449965,17,35,1,0,9139.84,CUST01267,Petersonport
1272,1272,8/1/2019,Backhoe Loader,0.034463806,18,35,1,0,10074.14,CUST01273,North Anthony
1278,1278,8/2/2019,Backhoe Loader,0.038629891,42,35,1,0,10074.14,CUST01279,Janeton
1284,1284,8/3/2019,Backhoe Loader,0.025637758,21,35,1,0,10074.14,CUST01285,North Julieshire
1296,1296,8/5/2019,Backhoe Loader,0.03216967,39,35,1,0,10074.14,CUST01297,North Denisemouth
1302,1302,8/6/2019,Backhoe Loader,0.030429155,14,35,1,0,10074.14,CUST01303,Marshallburgh
1308,1308,8/7/2019,Backhoe Loader,0.032918451,25,35,1,0,10074.14,CUST01309,Perezland
1314,1314,8/8/2019,Backhoe Loader,0.029616648,38,35,1,0,10074.14,CUST01315,East Jared
1326,1326,8/10/2019,Backhoe Loader,0.0310465,24,35,1,0,10074.14,CUST01327,Wilsonstad
1332,1332,8/11/2019,Backhoe Loader,0.037721796,42,35,1,0,10074.14,CUST01333,North Kyleshire
1338,1338,8/12/2019,Backhoe Loader,0.035710445,16,35,1,0,10074.14,CUST01339,Davidchester
1344,1344,8/13/2019,Backhoe Loader,0.028760331,29,35,1,0,10074.14,CUST01345,Trujilloton
1356,1356,8/15/2019,Backhoe Loader,0.030620333,24,35,1,0,10074.14,CUST01357,Knightstad
1362,1362,8/16/2019,Backhoe Loader,0.032464403,41,35,1,0,10074.14,CUST01363,North Carl
1368,1368,8/17/2019,Backhoe Loader,0.0378373,42,35,1,0,10074.14,CUST01369,Lake Eugene
1374,1374,8/18/2019,Backhoe Loader,0.03203027,21,35,1,0,10074.14,CUST01375,Port Stacyland
1386,1386,,Backhoe Loader,0.034874042,40,35,1,0,10074.14,CUST01387,Harrisonstad
1392,1392,8/21/2019,Backhoe Loader,0.02726277,16,35,1,0,10074.14,CUST01393,North Michellebury
1398,1398,8/22/2019,Backhoe Loader,0.029110823,22,35,1,0,10074.14,CUST01399,West Mariastad
1404,1404,8/23/2019,Backhoe Loader,0.027370308,37,35,1,0,10074.14,CUST01405,Craigshire
1416,1416,8/25/2019,Backhoe Loader,0.037494772,18,35,1,0,10074.14,CUST01417,Brucestad
1422,1422,8/26/2019,Backhoe Loader,0.035355969,41,35,1,0,10074.14,CUST01423,West Michaelbury
1428,1428,8/27/2019,Backhoe Loader,0.036180424,12,35,1,0,10074.14,CUST01429,West Susan
1434,1434,8/28/2019,Backhoe Loader,0.039784925,35,35,1,0,10074.14,CUST01435,Taylorstad
1446,1446,8/30/2019,Backhoe Loader,0.031914767,3,35,1,0,10074.14,CUST01447,South Brandonside
1452,1452,,Backhoe Loader,0.027449965,38,35,1,0,10074.14,CUST01453,New Jenniferfurt
1458,1458,9/1/2019,Backhoe Loader,0.034463806,40,35,1,1,10074.14,CUST01459,Simpsonburgh
1464,1464,9/2/2019,Backhoe Loader,0.038629891,89,35,1,1,10074.14,CUST01465,West Robertborough
1476,1476,9/4/2019,Backhoe Loader,0.028812108,38,35,1,1,10074.14,CUST01477,Wrightberg
1482,1482,9/5/2019,Backhoe Loader,0.03216967,88,35,1,1,10074.14,CUST01483,Angelachester
1488,1488,9/6/2019,Backhoe Loader,0.030429155,85,35,1,1,10074.14,CUST01489,Taylorfort
1494,1494,9/7/2019,Backhoe Loader,0.032918451,40,35,1,1,10074.14,CUST01495,West Lee
1506,1506,9/9/2019,Backhoe Loader,0.024112317,63,35,1,1,10074.14,CUST01507,Matthewbury
1512,1512,9/10/2019,Backhoe Loader,0.0310465,39,35,1,1,10074.14,CUST01513,Brownview
1518,1518,,Backhoe Loader,0.037721796,102,35,1,1,10074.14,CUST01519,North Josephberg
1524,1524,9/12/2019,Backhoe Loader,0.035710445,72,35,1,1,10074.14,CUST01525,Browntown
1536,1536,9/14/2019,Backhoe Loader,0.026968037,53,35,1,1,10074.14,CUST01537,East Joelland
1542,1542,9/15/2019,Backhoe Loader,0.030620333,75,35,1,1,10074.14,CUST01543,South Michael
1548,1548,9/16/2019,Backhoe Loader,0.032464403,39,35,1,1,10074.14,CUST01549,Royton
1554,1554,9/17/2019,Backhoe Loader,0.0378373,67,35,1,1,10074.14,CUST01555,Hoffmanton
1566,1566,9/19/2019,Backhoe Loader,0.029959176,38,35,1,1,10074.14,CUST01567,Jessechester
1572,1572,9/20/2019,Backhoe Loader,0.034874042,76,35,1,1,10074.14,CUST01573,Port Tiffanyburgh
1578,1578,9/21/2019,Backhoe Loader,0.02726277,70,35,1,1,10074.14,CUST01579,West Jenniferfurt
1584,1584,,Backhoe Loader,0.029110823,38,35,1,1,10074.14,CUST01585,Port Tonyaville
1596,1596,9/24/2019,Backhoe Loader,0.033687145,80,35,1,1,10074.14,CUST01597,North Elizabethhaven
1602,1602,9/25/2019,Backhoe Loader,0.037494772,42,35,1,1,10074.14,CUST01603,North Bruce
1608,1608,9/26/2019,Backhoe Loader,0.035355969,59,35,1,1,10074.14,CUST01609,Tiffanytown
1614,1614,9/27/2019,Backhoe Loader,0.036180424,79,35,1,1,10074.14,CUST01615,Amandaton
1626,1626,9/29/2019,Backhoe Loader,0.039605696,59,35,1,1,10074.14,CUST01627,Jonesstad
1632,1632,9/30/2019,Backhoe Loader,0.031914767,78,35,1,1,10074.14,CUST01633,South Emily
1638,1638,10/1/2019,Backhoe Loader,0.034463806,40,35,1,1,12619.54,CUST01639,Washingtonchester
1644,1644,10/2/2019,Backhoe Loader,0.038629891,70,35,1,1,12619.54,CUST01645,North Jacob
1656,1656,10/4/2019,Backhoe Loader,0.028812108,38,35,1,1,12619.54,CUST01657,New Christopherside
1662,1662,10/5/2019,Backhoe Loader,0.03216967,83,35,1,1,12619.54,CUST01663,Dawnmouth
1668,1668,10/6/2019,Backhoe Loader,0.030429155,63,35,1,1,12619.54,CUST01669,Fullerton
1674,1674,10/7/2019,Backhoe Loader,0.032918451,40,35,1,1,12619.54,CUST01675,Lake Samanthafurt
1686,1686,10/9/2019,Backhoe Loader,0.024112317,75,35,1,1,12619.54,CUST01687,Emilychester
1692,1692,10/10/2019,Backhoe Loader,0.0310465,39,35,1,1,12619.54,CUST01693,Port Sydney
1698,1698,10/11/2019,Backhoe Loader,0.037721796,73,35,1,1,12619.54,CUST01699,South Susanport
1704,1704,10/12/2019,Backhoe Loader,0.035710445,78,35,1,1,12619.54,CUST01705,Gomezberg
1716,1716,,Backhoe Loader,0.026968037,40,35,1,1,12619.54,CUST01717,Edwinstad
1722,1722,10/15/2019,Backhoe Loader,0.030620333,66,35,1,1,12619.54,CUST01723,West Ashlee
1728,1728,10/16/2019,Backhoe Loader,0.032464403,39,35,1,1,12619.54,CUST01729,Timothyhaven
1734,1734,10/17/2019,Backhoe Loader,0.0378373,67,35,1,1,12619.54,CUST01735,Danabury
1746,1746,10/19/2019,Backhoe Loader,0.029959176,38,35,1,1,12619.54,CUST01747,New Michelle
1752,1752,10/20/2019,Backhoe Loader,0.034874042,63,35,1,1,12619.54,CUST01753,Willisview
1758,1758,10/21/2019,Backhoe Loader,0.02726277,74,35,1,1,12619.54,CUST01759,West William
1764,1764,10/22/2019,Backhoe Loader,0.029110823,38,35,1,1,12619.54,CUST01765,West Philip
1776,1776,10/24/2019,Backhoe Loader,0.033687145,67,35,1,1,12619.54,CUST01777,Jaredberg
1782,1782,,Backhoe Loader,0.037494772,42,35,1,1,12619.54,CUST01783,Gwendolynborough
1788,1788,10/26/2019,Backhoe Loader,0.035355969,69,35,1,1,12619.54,CUST01789,Jaclynstad
1794,1794,10/27/2019,Backhoe Loader,0.036180424,76,35,1,1,12619.54,CUST01795,East Brandonton
1806,1806,10/29/2019,Backhoe Loader,0.039605696,76,35,1,1,12619.54,CUST01807,North Gary
1812,1812,10/30/2019,Backhoe Loader,0.031914767,70,35,1,1,12619.54,CUST01813,Reedview
1818,1818,10/31/2019,Backhoe Loader,0.027449965,37,35,1,1,12619.54,CUST01819,North Jessicaberg
1824,1824,11/1/2019,Backhoe Loader,0.034463806,14,35,1,0,21410.07,CUST01825,Johnsonmouth
1836,1836,11/3/2019,Backhoe Loader,0.025637758,36,35,1,0,21410.07,CUST01837,Bradton
1842,1842,11/4/2019,Backhoe Loader,0.028812108,6,35,1,0,21410.07,CUST01843,Mccormickview
1848,1848,,Backhoe Loader,0.03216967,34,35,1,0,21410.07,CUST01849,Lynntown
1854,1854,11/6/2019,Backhoe Loader,0.030429155,38,35,1,0,21410.07,CUST01855,South Christopher
1866,1866,11/8/2019,Backhoe Loader,0.029616648,10,35,1,0,21410.07,CUST01867,New Jonathanmouth
1872,1872,11/9/2019,Backhoe Loader,0.024112317,36,35,1,0,21410.07,CUST01873,West Kayla
1878,1878,11/10/2019,Backhoe Loader,0.0310465,19,35,1,0,21410.07,CUST01879,New Lori
1884,1884,11/11/2019,Backhoe Loader,0.037721796,13,35,1,0,21410.07,CUST01885,Lisamouth
1896,1896,11/13/2019,Backhoe Loader,0.028760331,20,35,1,0,21410.07,CUST01897,Whiteport
1902,1902,11/14/2019,Backhoe Loader,0.026968037,13,35,1,0,21410.07,CUST01903,Leefurt
1908,1908,11/15/2019,Backhoe Loader,0.030620333,39,35,1,0,21410.07,CUST01909,Victoriahaven
1914,1914,,Backhoe Loader,0.032464403,9,35,1,0,21410.07,CUST01915,Alexandriaton
1926,1926,11/18/2019,Backhoe Loader,0.03203027,39,35,1,0,21410.07,CUST01927,West Tommy
1932,1932,11/19/2019,Backhoe Loader,0.029959176,22,35,1,0,21410.07,CUST01933,East Georgeborough
1938,1938,11/20/2019,Backhoe Loader,0.034874042,27,35,1,0,21410.07,CUST01939,North Michaelville
1944,1944,11/21/2019,Backhoe Loader,0.02726277,37,35,1,0,21410.07,CUST01945,Hoodville
1956,1956,11/23/2019,Backhoe Loader,0.027370308,24,35,1,0,21410.07,CUST01957,West Keithview
1962,1962,11/24/2019,Backhoe Loader,0.033687145,40,35,1,0,21410.07,CUST01963,Wileyland
1968,1968,11/25/2019,Backhoe Loader,0.037494772,14,35,1,0,21410.07,CUST01969,North Heidi
1974,1974,11/26/2019,Backhoe Loader,0.035355969,19,35,1,0,21410.07,CUST01975,New Michaelbury
1986,1986,11/28/2019,Backhoe Loader,0.039784925,31,35,1,0,21410.07,CUST01987,South Jessica
1992,1992,11/29/2019,Backhoe Loader,0.039605696,22,35,1,0,21410.07,CUST01993,New Annaburgh
1998,1998,11/30/2019,Backhoe Loader,0.031914767,39,35,1,0,21410.07,CUST01999,Johnstonland
2004,2004,12/1/2019,Backhoe Loader,0.034463806,21,35,1,0,29343.36,CUST02005,Scottport
2016,2016,12/3/2019,Backhoe Loader,0.025637758,36,35,1,0,29343.36,CUST02017,Sanderstown
2022,2022,12/4/2019,Backhoe Loader,0.028812108,14,35,1,0,29343.36,CUST02023,Evanston
2028,2028,12/5/2019,Backhoe Loader,0.03216967,14,35,1,0,29343.36,CUST02029,Susanfurt
2034,2034,12/6/2019,Backhoe Loader,0.030429155,38,35,1,0,29343.36,CUST02035,South Ashley
2046,2046,,Backhoe Loader,0.029616648,14,35,1,0,29343.36,CUST02047,Lopezmouth
2052,2052,12/9/2019,Backhoe Loader,0.024112317,36,35,1,0,29343.36,CUST02053,Markhaven
2058,2058,12/10/2019,Backhoe Loader,0.0310465,38,35,1,0,29343.36,CUST02059,South Davidport
2064,2064,12/11/2019,Backhoe Loader,0.037721796,29,35,1,0,29343.36,CUST02065,Lake Margaretfurt
2076,2076,12/13/2019,Backhoe Loader,0.028760331,1,35,1,0,29343.36,CUST02077,Dylanburgh
2082,2082,12/14/2019,Backhoe Loader,0.026968037,25,35,1,0,29343.36,CUST02083,Lake Mackenzie
2088,2088,12/15/2019,Backhoe Loader,0.030620333,39,35,1,0,29343.36,CUST02089,Lake Evan
2094,2094,12/16/2019,Backhoe Loader,0.032464403,19,35,1,0,29343.36,CUST02095,Marilynland
2106,2106,12/18/2019,Backhoe Loader,0.03203027,39,35,1,0,29343.36,CUST02107,South Cheyenneside
2112,2112,,Backhoe Loader,0.029959176,24,35,1,0,29343.36,CUST02113,New Brandiview
2118,2118,12/20/2019,Backhoe Loader,0.034874042,1,35,1,0,29343.36,CUST02119,Amyfort
2124,2124,12/21/2019,Backhoe Loader,0.02726277,37,35,1,0,29343.36,CUST02125,Colemanstad
2136,2136,12/23/2019,Backhoe Loader,0.027370308,15,35,1,0,29343.36,CUST02137,Jacksontown
2142,2142,12/24/2019,Backhoe Loader,0.033687145,40,35,1,0,29343.36,CUST02143,North Alicia
2148,2148,12/25/2019,Backhoe Loader,0.037494772,17,35,1,0,29343.36,CUST02149,North Amanda
2154,2154,12/26/2019,Backhoe Loader,0.035355969,19,35,1,0,29343.36,CUST02155,South Katherine
2166,2166,12/28/2019,Backhoe Loader,0.039784925,18,35,1,0,29343.36,CUST02167,Howardmouth
2172,2172,12/29/2019,Backhoe Loader,0.039605696,11,35,1,0,29343.36,CUST02173,Lake Ryan
2178,2178,,Backhoe Loader,0.031914767,39,35,1,0,29343.36,CUST02179,Port Michael
2184,2184,12/31/2019,Backhoe Loader,0.027449965,9,35,1,0,29343.36,CUST02185,Moorebury
